Div,Date,HomeTeam,AwayTeam,FTHG,FTAG,FTR,HTHG,HTAG,HTR,PSH,PSD,PSA,HTCS,CS,HS,HST,AS,AST,HY,AY,HR,AR
E0,13/08/2021,Brentford,Arsenal,2,0,H,1,0,H,4.05,3.46,2.05,1-0,2-0,8,3,22,4,0,0,0,0
E0,14/08/2021,Man United,Leeds,5,1,H,1,0,H,1.56,4.57,5.96,1-0,5-1,16,8,10,3,1,2,0,0
E0,14/08/2021,Burnley,Brighton,1,2,A,1,0,H,3.3,3.12,2.51,1-0,1-2,14,3,14,8,2,1,0,0
E0,14/08/2021,Chelsea,Crystal Palace,3,0,H,2,0,H,1.26,6.24,12.74,2-0,3-0,13,6,4,1,0,0,0,0
E0,14/08/2021,Everton,Southampton,3,1,H,0,1,A,2.01,3.56,4.1,0-1,3-1,14,6,6,3,2,0,0,0
E0,14/08/2021,Leicester,Wolves,1,0,H,1,0,H,1.73,3.79,5.47,1-0,1-0,9,5,17,3,1,2,0,0
E0,14/08/2021,Watford,Aston Villa,3,2,H,2,0,H,3.18,3.31,2.47,2-0,3-2,13,7,11,2,3,1,0,0
E0,14/08/2021,Norwich,Liverpool,0,3,A,0,1,A,8.35,5.86,1.36,0-1,0-3,14,3,19,8,1,1,0,0
E0,15/08/2021,Newcastle,West Ham,2,4,A,2,1,H,3.21,3.59,2.32,2-1,2-4,17,3,8,9,1,0,0,0
E0,15/08/2021,Tottenham,Man City,1,0,H,0,0,D,5.56,4.09,1.67,0-0,1-0,13,3,18,4,2,1,0,0
E1,06/08/2021,Bournemouth,West Brom,2,2,D,1,1,D,2.37,3.36,3.24,1-1,2-2,7,4,15,5,1,3,0,0
E1,07/08/2021,Blackburn,Swansea,2,1,H,1,0,H,2.18,3.38,3.65,1-0,2-1,21,10,7,4,4,2,0,0
E1,07/08/2021,Bristol City,Blackpool,1,1,D,1,0,H,2.27,3.39,3.35,1-0,1-1,11,2,7,1,2,0,0,0
E1,07/08/2021,Cardiff,Barnsley,1,1,D,0,0,D,2.3,3.26,3.48,0-0,1-1,10,6,10,3,0,0,0,0
E1,07/08/2021,Derby,Huddersfield,1,1,D,1,1,D,4.71,3.81,1.76,1-1,1-1,11,3,17,6,3,2,0,0
E1,07/08/2021,Luton,Peterboro,3,0,H,1,0,H,2.26,3.6,3.25,1-0,3-0,12,6,4,1,1,5,0,0
E1,07/08/2021,Preston,Hull,1,4,A,1,1,D,2.41,3.32,3.21,1-1,1-4,7,4,16,5,2,2,0,0
E1,07/08/2021,QPR,Millwall,1,1,D,1,1,D,2.12,3.43,3.76,1-1,1-1,11,4,10,3,0,3,0,0
E1,07/08/2021,Stoke,Reading,3,2,H,2,1,H,2.1,3.36,3.94,2-1,3-2,18,6,11,5,0,2,0,0
E1,07/08/2021,Sheffield United,Birmingham,0,1,A,0,1,A,1.83,3.5,4.91,0-1,0-1,16,2,9,2,1,6,0,0
E1,08/08/2021,Fulham,Middlesbrough,1,1,D,1,0,H,1.92,3.59,4.27,1-0,1-1,16,3,7,1,2,3,0,0
E1,08/08/2021,Coventry,Nottm Forest,2,1,H,0,1,A,2.54,3.13,3.12,0-1,2-1,12,6,10,2,4,1,0,0
E1,14/08/2021,Peterboro,Derby,2,1,H,0,0,D,2.23,3.35,3.48,0-0,2-1,13,4,7,2,4,2,0,0
E1,14/08/2021,Barnsley,Coventry,1,0,H,1,0,H,2.08,3.29,4.03,1-0,1-0,8,1,12,2,8,2,0,0
E1,14/08/2021,Birmingham,Stoke,0,0,D,0,0,D,2.85,3.08,2.8,0-0,0-0,9,2,8,2,1,2,0,0
E1,14/08/2021,Blackpool,Cardiff,0,2,A,0,0,D,3.15,3.23,2.47,0-0,0-2,8,2,17,8,1,1,0,0
E1,14/08/2021,Huddersfield,Fulham,1,5,A,1,3,A,4.6,3.46,1.89,1-3,1-5,9,2,15,11,1,1,0,1
E1,14/08/2021,Hull,QPR,0,3,A,0,1,A,2.79,3.26,2.72,0-1,0-3,12,4,14,8,0,0,1,0
E1,14/08/2021,Middlesbrough,Bristol City,2,1,H,1,0,H,1.81,3.48,5.12,1-0,2-1,13,7,10,2,1,1,0,0
E1,14/08/2021,Millwall,Blackburn,1,1,D,0,0,D,2.5,3.2,3.12,0-0,1-1,15,2,2,1,1,2,0,0
E1,14/08/2021,Nottm Forest,Bournemouth,1,2,A,0,1,A,3.53,3.33,2.22,0-1,1-2,15,5,8,3,2,1,0,1
E1,14/08/2021,Reading,Preston,2,1,H,1,0,H,2.2,3.38,3.53,1-0,2-1,12,2,13,5,3,0,0,0
E1,14/08/2021,West Brom,Luton,3,2,H,2,0,H,1.66,3.89,5.66,2-0,3-2,18,6,11,5,2,2,0,0
E1,14/08/2021,Swansea,Sheffield United,0,0,D,0,0,D,3.11,3.2,2.51,0-0,0-0,8,1,8,2,1,2,0,0
E1,17/08/2021,Barnsley,Luton,0,1,A,0,1,A,2.35,3.27,3.37,0-1,0-1,10,3,7,4,1,4,0,0
E1,17/08/2021,Blackpool,Coventry,0,1,A,0,1,A,3.04,3.24,2.57,0-1,0-1,12,4,19,5,2,4,0,0
E1,17/08/2021,Huddersfield,Preston,1,0,H,0,0,D,2.5,3.21,3.17,0-0,1-0,7,0,8,2,3,2,0,0
E1,17/08/2021,Millwall,Fulham,1,2,A,0,2,A,3.97,3.1,2.2,0-2,1-2,7,2,16,6,4,2,0,0
E1,17/08/2021,Peterboro,Cardiff,2,2,D,0,0,D,3.25,3.19,2.47,0-0,2-2,8,3,9,3,1,2,0,0
E1,17/08/2021,Swansea,Stoke,1,3,A,0,1,A,3.22,3.16,2.5,0-1,1-3,9,3,12,5,0,2,0,0
E1,17/08/2021,Reading,Bristol City,2,3,A,1,2,A,2.32,3.2,3.53,1-2,2-3,11,3,8,5,0,1,0,0
E1,18/08/2021,Birmingham,Bournemouth,0,2,A,0,0,D,3.23,3.19,2.44,0-0,0-2,9,3,9,4,1,0,0,0
E1,18/08/2021,Hull,Derby,0,1,A,0,0,D,1.87,3.63,4.46,0-0,0-1,9,2,13,5,1,3,0,0
E1,18/08/2021,Middlesbrough,QPR,2,3,A,1,0,H,2.53,3.17,3.1,1-0,2-3,14,6,8,6,2,1,0,1
E1,18/08/2021,Nottm Forest,Blackburn,1,2,A,0,0,D,2.5,3.24,3.09,0-0,1-2,7,4,9,7,1,3,1,0
E1,18/08/2021,West Brom,Sheffield United,4,0,H,1,0,H,2.1,3.48,3.71,1-0,4-0,12,4,5,1,0,1,0,0
E2,07/08/2021,Bolton,Milton Keynes Dons,3,3,D,1,1,D,2.33,3.55,3.05,1-1,3-3,17,4,10,4,1,0,0,0
E2,07/08/2021,Cambridge,Oxford,1,1,D,0,1,A,3.63,3.45,2.08,0-1,1-1,9,1,11,3,1,2,0,0
E2,07/08/2021,Crewe,Cheltenham,1,1,D,1,1,D,1.98,3.46,4.07,1-1,1-1,7,1,12,6,1,1,0,0
E2,07/08/2021,Doncaster,AFC Wimbledon,1,2,A,0,0,D,2.09,3.49,3.64,0-0,1-2,9,1,6,3,0,3,0,0
E2,07/08/2021,Fleetwood Town,Portsmouth,0,1,A,0,0,D,3.23,3.15,2.43,0-0,0-1,13,4,9,2,0,3,0,0
E2,07/08/2021,Gillingham,Lincoln,1,1,D,1,1,D,3.08,3.29,2.41,1-1,1-1,17,6,10,4,2,2,0,0
E2,07/08/2021,Ipswich,Morecambe,2,2,D,0,1,A,1.66,3.98,5.26,0-1,2-2,13,3,6,2,3,2,0,0
E2,07/08/2021,Rotherham,Plymouth,2,0,H,2,0,H,1.83,3.69,4.45,2-0,2-0,18,6,7,2,2,0,0,0
E2,07/08/2021,Shrewsbury,Burton,0,1,A,0,1,A,2.43,3.19,3.12,0-1,0-1,12,2,14,5,1,2,0,0
E2,07/08/2021,Sunderland,Wigan,2,1,H,1,1,D,1.93,3.61,4.08,1-1,2-1,16,3,8,3,1,4,0,0
E2,07/08/2021,Wycombe,Accrington,2,1,H,2,0,H,2.03,3.52,3.78,2-0,2-1,17,4,8,3,0,1,0,0
E2,07/08/2021,Charlton,Sheffield Weds,0,0,D,0,0,D,2.58,3.25,2.92,0-0,0-0,11,0,6,1,1,3,0,0
E2,14/08/2021,Accrington,Cambridge,2,1,H,2,0,H,2.05,3.67,3.59,2-0,2-1,14,6,16,4,3,0,0,0
E2,14/08/2021,AFC Wimbledon,Bolton,3,3,D,1,2,A,2.76,3.26,2.71,1-2,3-3,16,4,8,4,4,2,0,0
E2,14/08/2021,Burton,Ipswich,2,1,H,1,1,D,2.94,3.28,2.54,1-1,2-1,11,2,11,3,3,0,0,0
E2,14/08/2021,Cheltenham,Wycombe,1,3,A,1,1,D,2.95,3.15,2.62,1-1,1-3,13,6,11,6,2,0,0,0
E2,14/08/2021,Lincoln,Fleetwood Town,2,1,H,0,1,A,2.17,3.34,3.57,0-1,2-1,9,3,11,7,3,3,0,0
E2,14/08/2021,Milton Keynes Dons,Sunderland,1,2,A,0,1,A,3.35,3.37,2.26,0-1,1-2,17,8,7,5,2,4,0,0
E2,14/08/2021,Morecambe,Shrewsbury,2,0,H,2,0,H,2.98,3.42,2.44,2-0,2-0,10,6,11,1,2,3,0,0
E2,14/08/2021,Oxford,Charlton,2,1,H,2,1,H,2.49,3.07,3.22,2-1,2-1,11,5,10,3,2,2,0,0
E2,14/08/2021,Plymouth,Gillingham,1,0,H,0,0,D,2.74,3.47,2.6,0-0,1-0,17,3,5,1,1,2,0,0
E2,14/08/2021,Portsmouth,Crewe,2,0,H,0,0,D,1.87,3.64,4.31,0-0,2-0,15,5,4,1,0,1,0,0
E2,14/08/2021,Sheffield Weds,Doncaster,2,0,H,0,0,D,1.69,3.79,5.36,0-0,2-0,11,4,12,3,0,3,0,0
E2,14/08/2021,Wigan,Rotherham,1,0,H,0,0,D,2.72,3.47,2.61,0-0,1-0,9,2,11,2,4,1,0,0
E2,17/08/2021,Accrington,Doncaster,1,0,H,1,0,H,2.08,3.68,3.55,1-0,1-0,14,5,3,1,3,0,0,0
E2,17/08/2021,AFC Wimbledon,Gillingham,1,1,D,0,0,D,1.93,3.6,4.15,0-0,1-1,16,7,5,3,4,4,0,1
E2,17/08/2021,Burton,Sunderland,1,0,H,0,0,D,3.44,3.37,2.24,0-0,1-0,12,1,20,7,2,2,0,0
E2,17/08/2021,Cheltenham,Ipswich,2,1,H,0,1,A,2.94,3.14,2.67,0-1,2-1,9,4,12,3,3,1,0,0
E2,17/08/2021,Lincoln,Bolton,0,1,A,0,0,D,2.24,3.6,3.24,0-0,0-1,15,6,10,2,1,0,0,0
E2,17/08/2021,Milton Keynes Dons,Charlton,2,1,H,1,1,D,2.64,3.48,2.72,1-1,2-1,12,3,7,3,2,2,0,0
E2,17/08/2021,Morecambe,Rotherham,0,1,A,0,0,D,3.81,3.55,2.04,0-0,0-1,8,0,15,8,2,2,0,0
E2,17/08/2021,Oxford,Crewe,1,0,H,1,0,H,1.74,3.74,5.14,1-0,1-0,13,1,7,1,2,3,0,0
E2,17/08/2021,Plymouth,Cambridge,1,1,D,0,0,D,2.04,3.65,3.7,0-0,1-1,11,4,7,3,2,5,0,0
E2,17/08/2021,Portsmouth,Shrewsbury,1,0,H,1,0,H,1.72,3.72,5.35,1-0,1-0,9,2,10,4,1,1,0,0
E2,17/08/2021,Sheffield Weds,Fleetwood Town,1,0,H,1,0,H,1.96,3.25,4.61,1-0,1-0,12,5,11,5,4,5,0,0
E2,17/08/2021,Wigan,Wycombe,1,1,D,0,0,D,2.52,3.37,2.95,0-0,1-1,8,3,12,4,3,2,0,0
E3,07/08/2021,Carlisle,Colchester,0,0,D,0,0,D,2.09,3.42,3.73,0-0,0-0,18,6,10,3,2,0,0,0
E3,07/08/2021,Exeter,Bradford,0,0,D,0,0,D,2.39,3.36,3.1,0-0,0-0,12,4,14,4,2,0,0,0
E3,07/08/2021,Forest Green,Sutton,2,1,H,1,0,H,1.85,3.72,4.28,1-0,2-1,12,2,9,2,3,0,0,0
E3,07/08/2021,Harrogate,Rochdale,3,2,H,2,1,H,2.33,3.49,3.1,2-1,3-2,17,8,14,5,1,2,0,0
E3,07/08/2021,Hartlepool,Crawley Town,1,0,H,0,0,D,2.26,3.3,3.34,0-0,1-0,12,3,3,0,0,0,0,0
E3,07/08/2021,Mansfield,Bristol Rvs,2,1,H,1,0,H,2.41,3.27,3.2,1-0,2-1,17,3,3,2,2,2,0,1
E3,07/08/2021,Northampton,Port Vale,1,0,H,1,0,H,2.27,3.35,3.33,1-0,1-0,8,2,9,2,4,2,0,1
E3,07/08/2021,Oldham,Newport County,0,1,A,0,0,D,2.68,3.32,2.71,0-0,0-1,6,0,3,2,3,2,0,0
E3,07/08/2021,Salford,Leyton Orient,1,1,D,1,1,D,1.96,3.43,4.18,1-1,1-1,13,6,11,5,1,1,0,0
E3,07/08/2021,Scunthorpe,Swindon,1,3,A,0,0,D,3.06,3.44,2.37,0-0,1-3,11,4,16,8,0,3,0,0
E3,07/08/2021,Stevenage,Barrow,1,0,H,0,0,D,2.24,3.25,3.52,0-0,1-0,9,3,10,2,4,6,0,0
E3,07/08/2021,Tranmere,Walsall,1,0,H,0,0,D,2.08,3.4,3.86,0-0,1-0,10,3,17,4,3,2,1,0
E3,14/08/2021,Barrow,Hartlepool,3,2,H,1,1,D,2.49,3.29,3.01,1-1,3-2,10,3,14,5,2,1,0,0
E3,14/08/2021,Bradford,Oldham,2,1,H,1,0,H,1.79,3.48,5.1,1-0,2-1,19,4,12,2,3,3,0,0
E3,14/08/2021,Bristol Rvs,Stevenage,0,2,A,0,0,D,2.3,3.47,3.16,0-0,0-2,7,1,8,2,1,1,0,0
E3,14/08/2021,Colchester,Northampton,0,1,A,0,1,A,2.64,3.34,2.78,0-1,0-1,12,5,8,3,0,3,0,1
E3,14/08/2021,Leyton Orient,Exeter,3,0,H,2,0,H,2.32,3.46,3.14,2-0,3-0,10,7,8,4,1,0,0,1
E3,14/08/2021,Mansfield,Newport County,2,1,H,2,1,H,1.98,3.29,4.32,2-1,2-1,9,5,9,4,2,3,0,0
E3,14/08/2021,Port Vale,Tranmere,0,0,D,0,0,D,2.46,3.31,3.03,0-0,0-0,14,3,10,2,0,2,0,0
E3,14/08/2021,Rochdale,Scunthorpe,0,0,D,0,0,D,1.94,3.54,4.11,0-0,0-0,15,2,11,2,0,0,0,0
E3,14/08/2021,Salford,Sutton,0,0,D,0,0,D,1.86,3.7,4.29,0-0,0-0,15,6,9,3,3,1,0,0
E3,14/08/2021,Swindon,Carlisle,1,2,A,1,2,A,2.85,3.31,2.59,1-2,1-2,14,4,11,7,1,2,1,0
E3,14/08/2021,Walsall,Forest Green,1,3,A,0,3,A,2.83,3.21,2.68,0-3,1-3,8,4,20,7,1,3,0,0
E3,17/08/2021,Barrow,Exeter,0,0,D,0,0,D,2.41,3.16,3.32,0-0,0-0,14,2,5,2,3,2,0,0
E3,17/08/2021,Bradford,Stevenage,4,1,H,3,1,H,2.3,3.1,3.62,3-1,4-1,22,7,8,3,1,0,0,0
E3,17/08/2021,Bristol Rvs,Oldham,1,0,H,1,0,H,1.93,3.69,4.08,1-0,1-0,14,2,9,2,2,3,0,0
E3,17/08/2021,Colchester,Mansfield,1,1,D,0,0,D,3.29,3.1,2.46,0-0,1-1,10,4,17,5,1,2,0,0
E3,17/08/2021,Crawley Town,Salford,2,1,H,1,1,D,3.89,3.58,2.01,1-1,2-1,11,2,9,6,1,0,0,0
E3,17/08/2021,Port Vale,Carlisle,0,0,D,0,0,D,2.47,3.29,3.08,0-0,0-0,12,1,13,3,0,2,0,0
E3,17/08/2021,Rochdale,Forest Green,1,2,A,0,1,A,3.21,3.35,2.36,0-1,1-2,10,2,11,3,1,0,0,0
E3,17/08/2021,Swindon,Tranmere,0,0,D,0,0,D,2.64,3.41,2.77,0-0,0-0,13,6,14,3,1,3,0,0
E3,17/08/2021,Walsall,Scunthorpe,1,1,D,0,0,D,1.88,3.62,4.42,0-0,1-1,17,1,10,2,1,2,0,0
<html><head>,,,,,,,,,,,,,0-0,0-0,0,0,0,0,,,,
<title>300 Multiple Choices</title>,,,,,,,,,,,,,0-0,0-0,0,0,0,0,,,,
</head><body>,,,,,,,,,,,,,0-0,0-0,0,0,0,0,,,,
<h1>Multiple Choices</h1>,,,,,,,,,,,,,0-0,0-0,0,0,0,0,,,,
The document name you requested (<code>/mmz4281/2122/EC.csv</code>) could not be found on this server.,,,,,,,,,,,,,0-0,0-0,0,0,0,0,,,,
However, we found documents with names similar to the one you requested.<p>Available documents:,,,,,,,,,,,,0-0,0-0,0,0,0,0,,,,
<ul>,,,,,,,,,,,,,0-0,0-0,0,0,0,0,,,,
<li><a href="/mmz4281/2122/E2.csv">/mmz4281/2122/E2.csv</a> (mistyped character),,,,,,,,,,,,,0-0,0-0,0,0,0,0,,,,
<li><a href="/mmz4281/2122/E3.csv">/mmz4281/2122/E3.csv</a> (mistyped character),,,,,,,,,,,,,0-0,0-0,0,0,0,0,,,,
<li><a href="/mmz4281/2122/E1.csv">/mmz4281/2122/E1.csv</a> (mistyped character),,,,,,,,,,,,,0-0,0-0,0,0,0,0,,,,
<li><a href="/mmz4281/2122/E0.csv">/mmz4281/2122/E0.csv</a> (mistyped character),,,,,,,,,,,,,0-0,0-0,0,0,0,0,,,,
</ul>,,,,,,,,,,,,,0-0,0-0,0,0,0,0,,,,
</body></html>,,,,,,,,,,,,,0-0,0-0,0,0,0,0,,,,
SP1,13/08/2021,Valencia,Getafe,1,0,H,1,0,H,2.7,3.03,3.11,1-0,1-0,4,2,22,4,6,3,1,1
SP1,14/08/2021,Cadiz,Levante,1,1,D,0,1,A,2.86,3.28,2.73,0-1,1-1,7,2,12,3,1,5,0,0
SP1,14/08/2021,Mallorca,Betis,1,1,D,1,0,H,3.51,3.35,2.28,1-0,1-1,6,2,10,1,1,3,0,0
SP1,14/08/2021,Alaves,Real Madrid,1,4,A,0,0,D,7.48,4.64,1.48,0-0,1-4,11,4,19,7,1,2,0,0
SP1,14/08/2021,Osasuna,Espanol,0,0,D,0,0,D,2.34,3.35,3.37,0-0,0-0,14,1,10,3,3,3,0,0
SP1,15/08/2021,Celta,Ath Madrid,1,2,A,0,1,A,4.41,3.25,2.05,0-1,1-2,10,2,13,4,4,5,1,1
SP1,15/08/2021,Barcelona,Sociedad,4,2,H,2,0,H,1.75,4.2,4.62,2-0,4-2,13,8,11,3,2,4,0,0
SP1,15/08/2021,Sevilla,Vallecano,3,0,H,1,0,H,1.44,4.68,8.37,1-0,3-0,21,8,4,3,1,0,0,1
SP1,16/08/2021,Villarreal,Granada,0,0,D,0,0,D,1.56,4.35,6.51,0-0,0-0,14,4,6,1,5,1,1,0
SP1,16/08/2021,Elche,Ath Bilbao,0,0,D,0,0,D,3.93,3.36,2.13,0-0,0-0,8,2,9,3,2,2,0,0
SP2,13/08/2021,Huesca,Eibar,2,0,H,1,0,H,2.3,3.08,3.73,1-0,2-0,5,3,11,5,1,1,0,0
SP2,13/08/2021,Zaragoza,Ibiza,0,0,D,0,0,D,2.36,2.95,3.77,0-0,0-0,11,0,10,2,2,2,0,0
SP2,14/08/2021,Sociedad B,Leganes,1,0,H,0,0,D,4.27,2.98,2.15,0-0,1-0,9,4,10,3,2,2,0,0
SP2,14/08/2021,Girona,Amorebieta,2,0,H,0,0,D,1.72,3.47,5.98,0-0,2-0,10,3,13,2,3,2,0,0
SP2,14/08/2021,Ponferradina,Alcorcon,1,0,H,0,0,D,2.62,2.81,3.39,0-0,1-0,6,2,10,3,2,2,0,1
SP2,15/08/2021,Sp Gijon,Burgos,1,0,H,0,0,D,1.72,3.5,5.91,0-0,1-0,14,2,12,4,1,1,0,0
SP2,15/08/2021,Oviedo,Lugo,2,2,D,2,0,H,2.07,3.04,4.51,2-0,2-2,10,6,10,6,4,3,0,0
SP2,15/08/2021,Fuenlabrada,Tenerife,1,2,A,0,1,A,2.65,2.81,3.34,0-1,1-2,12,4,12,7,1,2,0,0
SP2,15/08/2021,Las Palmas,Valladolid,1,1,D,0,0,D,3.14,2.91,2.7,0-0,1-1,12,3,16,4,2,4,1,0
SP2,16/08/2021,Malaga,Mirandes,0,0,D,0,0,D,2.22,2.98,4.03,0-0,0-0,22,5,5,2,1,2,0,0
SP2,16/08/2021,Cartagena,Almeria,1,3,A,0,2,A,3.31,2.91,2.58,0-2,1-3,10,4,20,9,2,2,0,0
D1,13/08/2021,Mgladbach,Bayern Munich,1,1,D,1,1,D,4.73,4.39,1.71,1-1,1-1,11,5,20,10,2,0,0,0
D1,14/08/2021,Augsburg,Hoffenheim,0,4,A,0,1,A,3.2,3.83,2.23,0-1,0-4,7,0,15,8,1,2,0,0
D1,14/08/2021,Bielefeld,Freiburg,0,0,D,0,0,D,3.04,3.33,2.54,0-0,0-0,10,4,14,6,3,4,0,0
D1,14/08/2021,Stuttgart,Greuther Furth,5,1,H,2,0,H,1.9,3.93,4.13,2-0,5-1,30,15,8,4,0,1,0,0
D1,14/08/2021,Union Berlin,Leverkusen,1,1,D,1,1,D,2.83,3.44,2.65,1-1,1-1,8,5,16,4,0,1,0,0
D1,14/08/2021,Wolfsburg,Bochum,1,0,H,1,0,H,1.59,4.41,5.92,1-0,1-0,21,9,7,1,0,2,0,1
D1,14/08/2021,Dortmund,Ein Frankfurt,5,2,H,3,1,H,1.45,5.24,6.8,3-1,5-2,12,7,12,3,0,0,0,0
D1,15/08/2021,Mainz,RB Leipzig,1,0,H,1,0,H,8.09,5.66,1.38,1-0,1-0,7,2,15,2,1,2,0,0
D1,15/08/2021,FC Koln,Hertha,3,1,H,1,1,D,2.62,3.41,2.88,1-1,3-1,15,5,11,5,4,2,0,0
D2,23/07/2021,Schalke 04,Hamburg,1,3,A,1,0,H,2.7,3.6,2.64,1-0,1-3,14,8,14,6,2,2,0,0
D2,24/07/2021,Darmstadt,Regensburg,0,2,A,0,1,A,3.05,3.17,2.53,0-1,0-2,9,0,15,6,2,0,0,0
D2,24/07/2021,Dresden,Ingolstadt,3,0,H,1,0,H,2.45,3.44,3.04,1-0,3-0,17,8,9,1,0,2,0,0
D2,24/07/2021,Hansa Rostock,Karlsruhe,1,3,A,0,2,A,2.78,3.37,2.7,0-2,1-3,9,5,12,5,3,2,0,0
D2,24/07/2021,Heidenheim,Paderborn,0,0,D,0,0,D,2.34,3.59,3.1,0-0,0-0,14,5,8,3,3,3,0,0
D2,24/07/2021,Werder Bremen,Hannover,1,1,D,0,0,D,1.93,3.9,3.89,0-0,1-1,9,3,13,4,1,1,0,0
D2,25/07/2021,Nurnberg,Erzgebirge Aue,0,0,D,0,0,D,1.7,3.91,5.39,0-0,0-0,19,3,6,3,0,3,0,0
D2,25/07/2021,Sandhausen,Fortuna Dusseldorf,0,2,A,0,0,D,3.45,3.47,2.22,0-0,0-2,10,4,18,7,0,2,0,0
D2,25/07/2021,St Pauli,Holstein Kiel,3,0,H,1,0,H,2.65,3.56,2.71,1-0,3-0,12,3,12,2,0,1,0,0
D2,30/07/2021,Karlsruhe,Darmstadt,3,0,H,1,0,H,1.33,4.41,8.05,1-0,3-0,18,5,5,2,1,3,0,0
D2,30/07/2021,Paderborn,Nurnberg,2,2,D,1,0,H,2.62,3.56,2.73,1-0,2-2,4,3,12,4,1,4,0,0
D2,31/07/2021,Hannover,Hansa Rostock,0,3,A,0,1,A,1.85,3.91,4.31,0-1,0-3,12,6,12,7,2,0,0,0
D2,31/07/2021,Ingolstadt,Heidenheim,1,2,A,0,0,D,3.27,3.27,2.4,0-0,1-2,18,4,12,3,1,1,0,0
D2,31/07/2021,Regensburg,Sandhausen,3,0,H,1,0,H,2.29,3.41,3.35,1-0,3-0,27,13,15,4,1,3,0,1
D2,31/07/2021,Fortuna Dusseldorf,Werder Bremen,2,3,A,0,1,A,2.37,3.49,3.14,0-1,2-3,15,6,16,7,4,3,0,0
D2,01/08/2021,Erzgebirge Aue,St Pauli,0,0,D,0,0,D,3.71,3.7,2.05,0-0,0-0,11,4,12,3,1,2,0,0
D2,01/08/2021,Hamburg,Dresden,1,1,D,1,0,H,1.69,3.97,5.31,1-0,1-1,17,8,7,3,4,2,0,0
D2,01/08/2021,Holstein Kiel,Schalke 04,0,3,A,0,2,A,2.5,3.4,2.99,0-2,0-3,21,4,10,5,3,3,0,0
D2,13/08/2021,Schalke 04,Erzgebirge Aue,1,1,D,1,0,H,1.58,4.06,6.55,1-0,1-1,14,3,10,5,1,2,0,0
D2,13/08/2021,St Pauli,Hamburg,3,2,H,1,1,D,3.07,3.7,2.31,1-1,3-2,15,4,9,2,2,3,0,0
D2,14/08/2021,Holstein Kiel,Regensburg,0,3,A,0,2,A,2.08,3.71,3.53,0-2,0-3,10,2,11,4,1,3,0,0
D2,14/08/2021,Nurnberg,Fortuna Dusseldorf,2,0,H,0,0,D,2.53,3.4,2.92,0-0,2-0,15,6,13,2,3,3,0,0
D2,14/08/2021,Sandhausen,Karlsruhe SC,0,0,D,0,0,D,3.32,3.59,2.21,0-0,0-0,9,3,9,3,3,1,0,0
D2,14/08/2021,Dresden,Hannover,2,0,H,0,0,D,2.89,3.31,2.6,0-0,2-0,13,6,14,2,2,3,0,0
D2,15/08/2021,Darmstadt,Ingolstadt,6,1,H,4,0,H,2.85,3.52,2.51,4-0,6-1,20,9,6,2,2,3,0,0
D2,15/08/2021,Heidenheim,Hansa Rostock,1,1,D,0,0,D,2.01,3.56,3.92,0-0,1-1,12,3,7,6,0,3,0,0
D2,15/08/2021,Werder Bremen,Paderborn,1,4,A,0,3,A,1.92,3.6,4.24,0-3,1-4,18,7,14,7,2,2,0,0
F1,06/08/2021,Monaco,Nantes,1,1,D,1,1,D,1.51,4.62,6.82,1-1,1-1,15,3,5,1,0,0,0,0
F1,07/08/2021,Lyon,Brest,1,1,D,0,1,A,1.35,5.95,8.71,0-1,1-1,17,4,13,8,1,1,0,0
F1,07/08/2021,Troyes,Paris SG,1,2,A,1,2,A,11.77,6.04,1.28,1-2,1-2,15,7,12,3,1,4,0,0
F1,08/08/2021,Rennes,Lens,1,1,D,1,1,D,2.06,3.61,3.85,1-1,1-1,10,2,11,6,0,2,0,0
F1,08/08/2021,Bordeaux,Clermont,0,2,A,0,0,D,2.13,3.47,3.79,0-0,0-2,10,6,19,10,1,0,0,0
F1,08/08/2021,Nice,Reims,0,0,D,0,0,D,1.88,3.78,4.38,0-0,0-0,12,2,5,0,1,1,0,0
F1,08/08/2021,St Etienne,Lorient,1,1,D,0,0,D,2.27,3.64,3.26,0-0,1-1,20,3,12,3,2,3,0,0
F1,08/08/2021,Strasbourg,Angers,0,2,A,0,0,D,2.01,3.55,4.1,0-0,0-2,7,1,9,2,2,3,0,0
F1,08/08/2021,Metz,Lille,3,3,D,2,1,H,5.8,3.44,1.78,2-1,3-3,12,5,18,7,1,2,1,0
F1,08/08/2021,Montpellier,Marseille,2,3,A,2,0,H,3.12,3.58,2.37,2-0,2-3,8,1,21,7,0,1,0,0
F1,13/08/2021,Lorient,Monaco,1,0,H,1,0,H,4.31,3.59,1.95,1-0,1-0,2,2,12,3,3,2,0,0
F1,14/08/2021,Lille,Nice,0,4,A,0,3,A,1.85,3.61,4.86,0-3,0-4,11,2,11,7,3,1,0,0
F1,14/08/2021,Paris SG,Strasbourg,4,2,H,3,0,H,1.21,7.74,13.76,3-0,4-2,11,6,8,2,1,4,0,1
F1,15/08/2021,Angers,Lyon,3,0,H,1,0,H,4.38,3.81,1.88,1-0,3-0,13,6,8,3,1,5,0,1
F1,15/08/2021,Brest,Rennes,1,1,D,0,0,D,3.14,3.43,2.42,0-0,1-1,10,5,6,2,2,3,0,0
F1,15/08/2021,Clermont,Troyes,2,0,H,0,0,D,2.09,3.59,3.77,0-0,2-0,18,8,6,1,1,3,0,1
F1,15/08/2021,Nantes,Metz,2,0,H,1,0,H,2.36,3.27,3.43,1-0,2-0,11,7,10,5,2,0,0,0
F1,15/08/2021,Reims,Montpellier,3,3,D,2,3,A,2.75,3.22,2.87,2-3,3-3,19,9,15,5,2,1,0,0
F1,15/08/2021,Lens,St Etienne,2,2,D,1,1,D,2.1,3.61,3.72,1-1,2-2,22,7,12,7,1,6,0,0
F1,15/08/2021,Marseille,Bordeaux,2,2,D,2,0,H,1.55,4.47,6.39,2-0,2-2,10,2,8,2,2,2,1,0
F2,24/07/2021,Bastia,Nimes,1,1,D,0,1,A,3.01,3.13,2.59,0-1,1-1,10,4,9,6,2,2,0,0
F2,24/07/2021,Amiens,Auxerre,1,2,A,1,0,H,2.87,2.98,2.82,1-0,1-2,10,4,12,5,2,3,0,0
F2,24/07/2021,Caen,Rodez,4,0,H,3,0,H,2.43,3.1,3.29,3-0,4-0,13,5,15,7,1,2,0,0
F2,24/07/2021,Dunkerque,Quevilly Rouen,1,1,D,1,1,D,2.21,3.07,3.84,1-1,1-1,7,3,5,3,3,1,0,0
F2,24/07/2021,Grenoble,Paris FC,0,4,A,0,1,A,2.69,3.03,2.97,0-1,0-4,2,0,19,11,2,0,0,0
F2,24/07/2021,Le Havre,Guingamp,0,0,D,0,0,D,2.52,3.01,3.23,0-0,0-0,15,4,15,3,1,2,0,0
F2,24/07/2021,Pau FC,Nancy,2,1,H,1,0,H,2.68,2.87,3.15,1-0,2-1,14,8,11,2,2,3,0,1
F2,24/07/2021,Toulouse,Ajaccio,2,2,D,1,1,D,1.95,3.3,4.43,1-1,2-2,17,5,11,6,1,6,1,1
F2,24/07/2021,Valenciennes,Niort,0,0,D,0,0,D,2.19,3.24,3.66,0-0,0-0,12,1,12,3,2,3,0,0
F2,26/07/2021,Dijon,Sochaux,1,3,A,0,0,D,2.26,3.39,3.32,0-0,1-3,9,1,13,5,2,2,0,0
F2,31/07/2021,Nimes,Dijon,2,1,H,1,0,H,2.05,3.22,4.12,1-0,2-1,15,7,11,3,2,2,0,1
F2,31/07/2021,Ajaccio,Amiens,3,1,H,2,0,H,2.01,3.22,4.31,2-0,3-1,16,3,6,1,2,4,0,0
F2,31/07/2021,Guingamp,Valenciennes,1,1,D,0,0,D,1.89,3.41,4.56,0-0,1-1,11,2,7,2,4,2,0,0
F2,31/07/2021,Nancy,Toulouse,0,4,A,0,3,A,3.73,3.21,2.17,0-3,0-4,13,3,12,8,0,2,0,0
F2,31/07/2021,Niort,Caen,0,1,A,0,0,D,2.78,3.21,2.73,0-0,0-1,6,3,9,3,2,2,1,0
F2,31/07/2021,Paris FC,Dunkerque,2,1,H,1,1,D,1.64,3.54,6.68,1-1,2-1,12,7,8,2,0,1,0,0
F2,31/07/2021,Rodez,Pau FC,1,0,H,1,0,H,2.61,3.1,3.01,1-0,1-0,7,5,6,2,2,2,1,1
F2,31/07/2021,Sochaux,Le Havre,0,2,A,0,2,A,2.35,3.04,3.51,0-2,0-2,12,3,10,4,3,0,0,0
F2,02/08/2021,Auxerre,Grenoble,3,0,H,2,0,H,2.02,3.27,4.18,2-0,3-0,15,5,7,1,0,1,0,0
F2,07/08/2021,Caen,Sochaux,1,2,A,0,0,D,2.68,3.06,2.95,0-0,1-2,15,5,17,7,0,1,1,0
F2,07/08/2021,Amiens,Quevilly Rouen,1,3,A,1,2,A,2.02,3.2,4.31,1-2,1-3,11,3,11,5,0,2,0,1
F2,07/08/2021,Auxerre,Ajaccio,0,0,D,0,0,D,2.24,3.27,3.49,0-0,0-0,8,2,5,1,3,4,0,0
F2,07/08/2021,Dijon,Rodez,1,1,D,0,0,D,2.37,3.1,3.4,0-0,1-1,7,4,13,2,3,1,0,0
F2,07/08/2021,Dunkerque,Niort,1,2,A,1,1,D,2.4,2.94,3.55,1-1,1-2,9,2,4,3,1,0,0,0
F2,07/08/2021,Grenoble,Guingamp,0,0,D,0,0,D,2.71,3.31,2.72,0-0,0-0,9,4,8,1,2,4,0,1
F2,07/08/2021,Le Havre,Paris FC,1,2,A,0,1,A,3.13,3.19,2.46,0-1,1-2,11,3,9,2,0,1,1,0
F2,07/08/2021,Pau FC,Toulouse,0,1,A,0,1,A,4.14,3.13,2.09,0-1,0-1,14,4,4,2,1,1,0,0
F2,07/08/2021,Valenciennes,Nimes,0,3,A,0,0,D,2.86,3.13,2.7,0-0,0-3,14,2,7,3,2,2,0,0
F2,11/08/2021,Bastia,Nancy,1,1,D,1,0,H,2.17,3.15,3.84,1-0,1-1,4,1,5,4,2,1,0,0
F2,14/08/2021,Toulouse,Bastia,1,0,H,1,0,H,1.53,3.73,8.11,1-0,1-0,14,3,7,3,0,2,0,0
F2,14/08/2021,Guingamp,Amiens,0,2,A,0,1,A,1.94,3.25,4.57,0-1,0-2,13,5,9,2,3,2,0,0
F2,14/08/2021,Nancy,Valenciennes,0,1,A,0,0,D,2.23,3.36,3.41,0-0,0-1,11,2,15,5,3,3,1,0
F2,14/08/2021,Nimes,Pau FC,0,0,D,0,0,D,1.93,3.42,4.34,0-0,0-0,13,3,11,1,0,0,0,0
F2,14/08/2021,Niort,Grenoble,1,0,H,1,0,H,2.47,3.21,3.1,1-0,1-0,11,4,12,1,3,3,0,1
F2,14/08/2021,Quevilly Rouen,Dijon,2,1,H,1,0,H,2.99,3.05,2.66,1-0,2-1,18,5,11,5,1,3,0,0
F2,14/08/2021,Rodez,Le Havre,0,0,D,0,0,D,3.05,3.09,2.59,0-0,0-0,10,2,4,0,1,1,0,0
F2,14/08/2021,Sochaux,Dunkerque,1,0,H,1,0,H,1.67,3.6,5.99,1-0,1-0,11,3,13,2,2,3,0,0
F2,16/08/2021,Paris FC,Auxerre,1,1,D,0,0,D,2.4,2.91,3.58,0-0,1-1,16,5,9,5,3,2,0,0
F2,18/08/2021,Quevilly Rouen,Bastia,1,2,A,0,1,A,2.86,3.28,2.61,0-1,1-2,14,3,9,6,2,2,0,0
P1,06/08/2021,Sp Lisbon,Vizela,3,0,H,0,0,D,1.27,6.14,12.01,0-0,3-0,15,5,6,1,1,3,0,0
P1,07/08/2021,Arouca,Estoril,0,2,A,0,1,A,2.27,3.36,3.44,0-1,0-2,11,3,12,6,1,3,0,0
P1,07/08/2021,Moreirense,Benfica,1,2,A,1,2,A,6.9,4.8,1.47,1-2,1-2,8,3,9,6,4,4,0,1
P1,07/08/2021,Maritimo,Sp Braga,0,2,A,0,0,D,4.53,3.72,1.83,0-0,0-2,7,0,12,5,3,3,0,0
P1,08/08/2021,Guimaraes,Portimonense,0,1,A,0,0,D,2.07,3.26,4.08,0-0,0-1,18,3,7,1,2,3,0,0
P1,08/08/2021,Tondela,Santa Clara,3,0,H,1,0,H,3.19,3.21,2.45,1-0,3-0,10,5,23,5,1,3,0,0
P1,08/08/2021,Porto,Belenenses,2,0,H,1,0,H,1.22,6.77,12.92,1-0,2-0,21,7,7,3,2,3,0,0
P1,08/08/2021,Pacos Ferreira,Famalicao,2,0,H,0,0,D,2.49,3.17,3.17,0-0,2-0,20,3,10,2,2,4,0,0
P1,09/08/2021,Gil Vicente,Boavista,3,0,H,2,0,H,2.17,3.2,3.82,2-0,3-0,9,6,13,5,3,3,0,0
P1,13/08/2021,Estoril,Guimaraes,0,0,D,0,0,D,2.99,3.13,2.68,0-0,0-0,7,1,12,2,1,4,0,1
P1,14/08/2021,Vizela,Tondela,2,1,H,0,1,A,2.38,3.29,3.24,0-1,2-1,20,6,8,2,2,3,0,0
P1,14/08/2021,Benfica,Arouca,2,0,H,2,0,H,1.17,7.41,18.93,2-0,2-0,17,5,3,1,1,0,0,1
P1,14/08/2021,Sp Braga,Sp Lisbon,1,2,A,0,1,A,3.59,3.24,2.24,0-1,1-2,16,6,5,3,3,4,0,1
P1,15/08/2021,Portimonense,Gil Vicente,0,1,A,0,0,D,2.49,3.09,3.25,0-0,0-1,18,5,7,4,3,2,0,0
P1,15/08/2021,Famalicao,Porto,1,2,A,0,2,A,8.74,5.05,1.38,0-2,1-2,7,1,12,4,3,1,0,0
P1,15/08/2021,Santa Clara,Moreirense,2,2,D,0,0,D,2.48,3.17,3.19,0-0,2-2,17,4,10,4,5,4,0,1
P1,16/08/2021,Boavista,Pacos Ferreira,3,0,H,1,0,H,2.79,3.01,2.92,1-0,3-0,8,4,17,5,3,2,0,0
P1,16/08/2021,Belenenses,Maritimo,1,2,A,1,2,A,2.59,2.93,3.27,1-2,1-2,5,2,13,4,4,5,0,0
N1,13/08/2021,Go Ahead Eagles,Heerenveen,0,1,A,0,1,A,2.81,3.39,2.65,0-1,0-1,11,3,19,5,0,0,0,0
N1,14/08/2021,Waalwijk,AZ Alkmaar,1,0,H,1,0,H,6.49,4.94,1.47,1-0,1-0,7,2,19,5,0,2,0,0
N1,14/08/2021,Heracles,PSV Eindhoven,0,2,A,0,1,A,6.37,4.72,1.5,0-1,0-2,6,2,19,6,2,2,0,0
N1,14/08/2021,For Sittard,Twente,2,1,H,0,1,A,2.8,3.53,2.55,0-1,2-1,6,4,13,1,2,2,0,0
N1,14/08/2021,Ajax,Nijmegen,5,0,H,5,0,H,1.09,11.29,30.3,5-0,5-0,25,9,7,1,0,0,0,0
N1,15/08/2021,Cambuur,Groningen,1,2,A,0,1,A,2.49,3.62,2.82,0-1,1-2,6,3,11,7,0,0,0,0
N1,15/08/2021,Utrecht,Sparta Rotterdam,4,0,H,1,0,H,1.58,4.35,5.67,1-0,4-0,22,8,7,1,1,3,0,0
N1,15/08/2021,Zwolle,Vitesse,0,1,A,0,1,A,3.89,3.63,1.99,0-1,0-1,15,5,14,6,0,2,0,0
N1,15/08/2021,Willem II,Feyenoord,0,4,A,0,2,A,4.24,4.22,1.78,0-2,0-4,6,3,21,9,1,0,1,0
B1,23/07/2021,Standard,Genk,1,1,D,0,0,D,2.76,3.74,2.48,0-0,1-1,17,5,17,5,1,2,0,0
B1,24/07/2021,Oud-Heverlee Leuven,Waregem,1,1,D,1,1,D,2.06,3.77,3.46,1-1,1-1,13,4,10,4,5,6,0,1
B1,24/07/2021,Kortrijk,Seraing,2,0,H,1,0,H,1.8,3.8,4.5,1-0,2-0,9,4,9,4,4,2,0,0
B1,24/07/2021,Oostende,Charleroi,0,3,A,0,1,A,2.29,3.52,3.14,0-1,0-3,11,3,10,6,3,1,0,0
B1,25/07/2021,Mechelen,Antwerp,3,2,H,0,1,A,2.85,3.5,2.49,0-1,3-2,18,9,10,5,2,2,0,0
B1,25/07/2021,Club Brugge,Eupen,2,2,D,0,0,D,1.19,7.06,14.84,0-0,2-2,21,11,13,5,3,6,0,0
B1,25/07/2021,Anderlecht,St. Gilloise,1,3,A,1,1,D,1.57,4.31,5.65,1-1,1-3,9,2,8,5,3,3,0,0
B1,25/07/2021,St Truiden,Gent,2,1,H,1,1,D,4.62,3.95,1.75,1-1,2-1,6,2,12,4,2,1,0,0
B1,27/07/2021,Beerschot VA,Cercle Brugge,0,1,A,0,1,A,2.33,3.4,3.16,0-1,0-1,,,,,1,1,0,0
B1,30/07/2021,Genk,Oostende,3,4,A,2,1,H,1.59,4.23,5.85,2-1,3-4,25,9,16,7,0,1,0,0
B1,31/07/2021,Charleroi,St Truiden,0,0,D,0,0,D,2.04,3.7,3.58,0-0,0-0,10,0,7,3,2,4,0,0
B1,31/07/2021,Cercle Brugge,Oud-Heverlee Leuven,1,1,D,0,1,A,2.38,3.78,2.82,0-1,1-1,17,3,10,1,3,1,0,0
B1,31/07/2021,Seraing,Mechelen,1,0,H,1,0,H,3.57,4.02,1.95,1-0,1-0,10,4,10,4,3,3,0,0
B1,31/07/2021,Eupen,Anderlecht,1,1,D,1,1,D,3.58,3.47,2.12,1-1,1-1,14,5,10,3,1,1,0,0
B1,01/08/2021,St. Gilloise,Club Brugge,0,1,A,0,0,D,5.12,3.63,1.75,0-0,0-1,14,3,13,6,2,2,0,0
B1,01/08/2021,Waregem,Standard,1,2,A,0,0,D,3.26,3.36,2.3,0-0,1-2,17,3,16,5,2,4,0,0
B1,01/08/2021,Gent,Beerschot VA,2,2,D,1,0,H,1.41,4.88,7.71,1-0,2-2,24,5,11,7,1,0,0,0
B1,01/08/2021,Antwerp,Kortrijk,0,1,A,0,0,D,1.79,3.49,5.08,0-0,0-1,13,3,13,5,2,5,0,0
B1,06/08/2021,Club Brugge,Cercle Brugge,1,1,D,1,0,H,1.32,5.62,9.09,1-0,1-1,12,3,5,1,2,4,0,0
B1,07/08/2021,Beerschot VA,St. Gilloise,0,3,A,0,1,A,4.29,3.87,1.82,0-1,0-3,8,2,15,6,2,3,0,0
B1,07/08/2021,Mechelen,Eupen,1,3,A,1,0,H,1.78,4.38,4,1-0,1-3,15,4,16,4,0,2,0,0
B1,07/08/2021,St Truiden,Waregem,1,3,A,0,0,D,2.22,3.36,3.45,0-0,1-3,11,1,11,7,1,2,0,0
B1,07/08/2021,Kortrijk,Genk,1,2,A,1,0,H,3.4,3.71,2.1,1-0,1-2,8,3,17,6,1,3,0,0
B1,08/08/2021,Standard,Antwerp,2,5,A,0,2,A,2.31,3.4,3.22,0-2,2-5,20,9,12,6,3,5,0,0
B1,08/08/2021,Oud-Heverlee Leuven,Charleroi,1,1,D,0,1,A,2.69,3.69,2.53,0-1,1-1,21,4,21,9,1,1,0,0
B1,08/08/2021,Anderlecht,Seraing,3,0,H,0,0,D,1.38,5.12,7.9,0-0,3-0,19,7,4,1,2,2,0,1
B1,08/08/2021,Oostende,Gent,1,0,H,0,0,D,3.7,3.85,1.96,0-0,1-0,7,3,13,0,3,1,0,0
B1,13/08/2021,Charleroi,Antwerp,1,1,D,0,1,A,2.65,3.5,2.71,0-1,1-1,23,7,10,7,1,2,0,0
B1,14/08/2021,St. Gilloise,Kortrijk,2,0,H,1,0,H,1.66,4.22,4.95,1-0,2-0,24,8,2,2,0,6,0,1
B1,14/08/2021,Eupen,St Truiden,2,1,H,1,0,H,2.01,3.91,3.49,1-0,2-1,8,5,18,5,4,2,0,0
B1,14/08/2021,Seraing,Oostende,2,3,A,1,0,H,3.5,3.92,2,1-0,2-3,10,3,12,7,4,5,0,1
B1,14/08/2021,Genk,Oud-Heverlee Leuven,4,0,H,1,0,H,1.48,4.28,7.34,1-0,4-0,21,8,15,6,1,4,0,0
B1,15/08/2021,Beerschot VA,Standard,0,1,A,0,0,D,3.63,3.73,2.02,0-0,0-1,14,4,8,1,2,1,0,0
B1,15/08/2021,Gent,Mechelen,2,0,H,1,0,H,1.82,3.66,4.58,1-0,2-0,20,8,6,3,2,2,0,0
B1,15/08/2021,Cercle Brugge,Anderlecht,1,2,A,1,2,A,3.99,3.55,1.97,1-2,1-2,8,2,17,6,2,0,0,0
B1,15/08/2021,Waregem,Club Brugge,0,4,A,0,1,A,6.08,4.75,1.49,0-1,0-4,3,1,20,11,2,4,0,1
T1,13/08/2021,Besiktas,Rizespor,3,0,H,1,0,H,1.56,4.45,6.08,1-0,3-0,19,6,3,0,2,1,0,0
T1,14/08/2021,Karagumruk,Gaziantep,3,2,H,2,1,H,2.11,3.37,3.79,2-1,3-2,11,5,11,4,2,3,0,1
T1,14/08/2021,Altay,Kayserispor,3,0,H,2,0,H,2.72,3.4,2.73,2-0,3-0,15,7,8,3,0,0,0,0
T1,14/08/2021,Hatayspor,Kasimpasa,1,1,D,0,1,A,2.12,3.55,3.57,0-1,1-1,10,2,11,4,3,3,0,0
T1,15/08/2021,Buyuksehyr,Alanyaspor,0,1,A,0,1,A,2.58,3.38,2.87,0-1,0-1,17,5,8,4,0,2,0,0
T1,15/08/2021,Ad. Demirspor,Fenerbahce,0,1,A,0,0,D,4.54,3.98,1.77,0-0,0-1,20,7,14,4,1,2,0,0
T1,15/08/2021,Antalyaspor,Goztep,1,1,D,1,0,H,2.44,3.37,3.06,1-0,1-1,4,2,12,4,3,5,0,0
T1,16/08/2021,Sivasspor,Konyaspor,0,1,A,0,0,D,2.04,3.36,4.05,0-0,0-1,14,3,14,5,0,2,0,0
T1,16/08/2021,Yeni Malatyaspor,Trabzonspor,1,5,A,1,4,A,4.08,3.56,1.96,1-4,1-5,16,3,14,8,2,1,0,0
T1,16/08/2021,Giresunspor,Galatasaray,0,2,A,0,2,A,5.55,4.16,1.62,0-2,0-2,7,1,10,6,0,2,1,1
<html><head>,,,,,,,,,,,,,0-0,0-0,,,,,,,,
<title>300 Multiple Choices</title>,,,,,,,,,,,,,0-0,0-0,,,,,,,,
</head><body>,,,,,,,,,,,,,0-0,0-0,,,,,,,,
<h1>Multiple Choices</h1>,,,,,,,,,,,,,0-0,0-0,,,,,,,,
The document name you requested (<code>/mmz4281/2122/G1.csv</code>) could not be found on this server.,,,,,,,,,,,,,0-0,0-0,,,,,,,,
However, we found documents with names similar to the one you requested.<p>Available documents:,,,,,,,,,,,,0-0,0-0,,,,,,,,
<ul>,,,,,,,,,,,,,0-0,0-0,,,,,,,,
<li><a href="/mmz4281/2122/B1.csv">/mmz4281/2122/B1.csv</a> (mistyped character),,,,,,,,,,,,,0-0,0-0,,,,,,,,
<li><a href="/mmz4281/2122/F1.csv">/mmz4281/2122/F1.csv</a> (mistyped character),,,,,,,,,,,,,0-0,0-0,,,,,,,,
<li><a href="/mmz4281/2122/E1.csv">/mmz4281/2122/E1.csv</a> (mistyped character),,,,,,,,,,,,,0-0,0-0,,,,,,,,
<li><a href="/mmz4281/2122/P1.csv">/mmz4281/2122/P1.csv</a> (mistyped character),,,,,,,,,,,,,0-0,0-0,,,,,,,,
<li><a href="/mmz4281/2122/D1.csv">/mmz4281/2122/D1.csv</a> (mistyped character),,,,,,,,,,,,,0-0,0-0,,,,,,,,
<li><a href="/mmz4281/2122/N1.csv">/mmz4281/2122/N1.csv</a> (mistyped character),,,,,,,,,,,,,0-0,0-0,,,,,,,,
<li><a href="/mmz4281/2122/T1.csv">/mmz4281/2122/T1.csv</a> (mistyped character),,,,,,,,,,,,,0-0,0-0,,,,,,,,
</ul>,,,,,,,,,,,,,0-0,0-0,,,,,,,,
</body></html>,,,,,,,,,,,,,0-0,0-0,,,,,,,,
SC0,31/07/2021,Rangers,Livingston,3,0,H,1,0,H,1.17,7.77,20.52,1-0,3-0,18,8,2,0,0,5,0,0
SC0,31/07/2021,Dundee,St Mirren,2,2,D,1,1,D,2.72,3.35,2.77,1-1,2-2,11,4,14,5,2,2,1,0
SC0,31/07/2021,Ross County,St Johnstone,0,0,D,0,0,D,4.06,3.4,2.05,0-0,0-0,4,0,10,2,4,1,0,0
SC0,31/07/2021,Hearts,Celtic,2,1,H,1,0,H,4.9,3.96,1.75,1-0,2-1,11,4,19,7,0,0,0,0
SC0,01/08/2021,Aberdeen,Dundee United,2,0,H,1,0,H,1.78,3.62,5.17,1-0,2-0,7,3,5,1,1,3,0,0
SC0,01/08/2021,Motherwell,Hibernian,2,3,A,2,1,H,3.54,3.54,2.16,2-1,2-3,9,5,14,5,5,3,0,0
SC0,07/08/2021,Dundee United,Rangers,1,0,H,0,0,D,13.55,6.29,1.24,0-0,1-0,9,2,14,2,4,1,0,0
SC0,07/08/2021,St Mirren,Hearts,1,2,A,0,1,A,2.93,3.41,2.51,0-1,1-2,10,3,11,4,1,2,1,0
SC0,08/08/2021,Celtic,Dundee,6,0,H,2,0,H,1.22,6.68,12.97,2-0,6-0,31,15,3,0,0,1,0,1
SC0,08/08/2021,Hibernian,Ross County,3,0,H,3,0,H,1.54,4.27,6.46,3-0,3-0,18,6,8,0,0,2,0,0
SC0,08/08/2021,Livingston,Aberdeen,1,2,A,1,0,H,2.92,3.15,2.68,1-0,1-2,13,5,11,3,5,0,0,0
SC0,08/08/2021,St Johnstone,Motherwell,1,1,D,1,0,H,2.04,3.43,3.96,1-0,1-1,12,4,10,5,2,2,0,0
SC1,31/07/2021,Arbroath,Inverness C,0,1,A,0,0,D,2.99,3.29,2.43,0-0,0-1,9,1,5,2,2,2,0,0
SC1,31/07/2021,Morton,Dunfermline,2,2,D,1,0,H,3.47,3.33,2.16,1-0,2-2,15,4,15,5,1,2,0,0
SC1,31/07/2021,Partick,Queen of Sth,3,2,H,2,1,H,1.92,3.73,3.97,2-1,3-2,9,5,10,5,2,1,0,0
SC1,31/07/2021,Raith Rvs,Hamilton,4,4,D,2,0,H,2.2,3.36,3.35,2-0,4-4,8,7,7,5,2,0,0,0
SC1,02/08/2021,Kilmarnock,Ayr,2,0,H,0,0,D,1.59,4.2,5.87,0-0,2-0,14,5,4,3,3,4,0,0
SC1,07/08/2021,Ayr,Arbroath,2,2,D,0,2,A,2.49,3.07,3.16,0-2,2-2,10,4,8,4,2,2,0,0
SC1,07/08/2021,Dunfermline,Partick,0,3,A,0,2,A,2.3,3.35,3.2,0-2,0-3,10,5,9,4,0,0,0,0
SC1,07/08/2021,Hamilton,Morton,0,1,A,0,1,A,1.85,3.79,4,0-1,0-1,13,3,4,3,0,1,0,1
SC1,07/08/2021,Inverness C,Raith Rvs,1,0,H,0,0,D,2.24,3.18,3.53,0-0,1-0,11,6,10,6,2,2,0,0
SC1,07/08/2021,Queen of Sth,Kilmarnock,0,1,A,0,0,D,3.73,3.79,1.93,0-0,0-1,4,1,9,2,0,3,0,0
SC2,31/07/2021,Airdrie Utd,Montrose,0,3,A,0,1,A,2.23,2.95,3.64,0-1,0-3,6,4,9,3,1,1,0,0
SC2,31/07/2021,Clyde,Dumbarton,0,3,A,0,2,A,1.85,3.91,3.75,0-2,0-3,8,2,10,5,2,4,0,0
SC2,31/07/2021,Cove Rangers,Falkirk,1,1,D,0,0,D,1.65,3.82,5.06,0-0,1-1,6,2,7,1,0,2,0,0
SC2,31/07/2021,East Fife,Queens Park,1,1,D,1,0,H,3.17,3.82,2.07,1-0,1-1,6,4,15,4,1,1,0,0
SC2,31/07/2021,Peterhead,Alloa,2,0,H,1,0,H,2.69,3.56,2.45,1-0,2-0,14,7,6,1,1,2,0,0
SC2,07/08/2021,Alloa,East Fife,3,1,H,1,0,H,1.89,3.99,3.67,1-0,3-1,6,5,15,7,0,0,0,0
SC2,07/08/2021,Dumbarton,Airdrie Utd,2,2,D,0,1,A,2.53,3.91,2.51,0-1,2-2,9,4,15,6,3,4,0,1
SC2,07/08/2021,Falkirk,Peterhead,2,1,H,1,0,H,1.59,3.56,6.29,1-0,2-1,13,9,5,4,2,2,0,0
SC2,07/08/2021,Montrose,Clyde,2,2,D,0,0,D,1.78,3.78,4.41,0-0,2-2,15,6,10,3,1,1,0,1
SC2,07/08/2021,Queens Park,Cove Rangers,2,0,H,0,0,D,2.49,3.47,2.78,0-0,2-0,15,10,6,2,0,2,0,1
SC2,14/08/2021,Airdrie Utd,Falkirk,1,2,A,0,2,A,3.68,3.7,1.92,0-2,1-2,16,4,6,4,1,1,0,1
SC2,14/08/2021,Clyde,Alloa,2,1,H,0,0,D,3.72,3.48,1.97,0-0,2-1,3,3,9,2,1,3,0,0
SC2,14/08/2021,Cove Rangers,East Fife,5,2,H,2,0,H,1.57,4.13,5.24,2-0,5-2,17,11,10,4,3,2,0,0
SC2,14/08/2021,Montrose,Peterhead,1,0,H,0,0,D,2.03,3.37,3.66,0-0,1-0,20,8,10,4,1,3,0,0
SC2,14/08/2021,Queens Park,Dumbarton,3,0,H,1,0,H,1.6,3.34,7.06,1-0,3-0,15,7,7,2,1,0,0,0
SC3,31/07/2021,Albion Rvs,Edinburgh City,2,0,H,2,0,H,4.34,4.02,1.7,2-0,2-0,10,4,10,3,0,1,0,0
SC3,31/07/2021,Annan Athletic,Forfar,0,2,A,0,2,A,2.72,3.81,2.32,0-2,0-2,10,3,7,5,2,2,0,0
SC3,31/07/2021,Elgin,Stranraer,1,1,D,1,0,H,2.86,3.87,2.21,1-0,1-1,12,5,11,4,2,2,0,0
SC3,31/07/2021,Kelty Hearts,Cowdenbeath,2,0,H,1,0,H,1.36,4.82,7.97,1-0,2-0,12,6,8,5,0,3,0,0
SC3,31/07/2021,Stenhousemuir,Stirling,0,1,A,0,0,D,3.16,3.91,2.04,0-0,0-1,6,3,10,3,3,3,0,1
SC3,07/08/2021,Albion Rvs,Stenhousemuir,2,2,D,0,0,D,2.64,3.66,2.52,0-0,2-2,11,4,15,9,3,1,0,0
SC3,07/08/2021,Cowdenbeath,Elgin,3,1,H,2,1,H,2.65,3.7,2.49,2-1,3-1,11,7,3,2,1,0,0,0
SC3,07/08/2021,Forfar,Edinburgh City,2,0,H,1,0,H,2.25,3.77,2.94,1-0,2-0,13,3,10,3,0,2,0,0
SC3,07/08/2021,Stirling,Kelty Hearts,1,3,A,0,2,A,3.43,3.61,2.07,0-2,1-3,6,2,16,11,1,1,0,0
SC3,07/08/2021,Stranraer,Annan Athletic,0,3,A,0,1,A,1.74,3.65,4.92,0-1,0-3,12,3,6,4,2,1,0,0
SC3,13/08/2021,Edinburgh City,Stenhousemuir,1,0,H,1,0,H,2.15,3.52,3.33,1-0,1-0,12,3,16,6,1,4,0,0
SC3,14/08/2021,Annan Athletic,Stirling,3,1,H,2,0,H,3.16,3.59,2.15,2-0,3-1,10,8,6,2,2,2,0,0
SC3,14/08/2021,Elgin,Albion Rvs,3,0,H,2,0,H,1.99,3.7,3.45,2-0,3-0,17,8,4,3,0,4,0,0
SC3,14/08/2021,Forfar,Kelty Hearts,2,2,D,2,1,H,3.73,4.33,1.77,2-1,2-2,8,4,18,6,1,0,0,0
